fullname,email,domain_name
John Doe,john-doe@bogusemail.com,bogusemail.com
Mary Smith-Robinson,maryjacobs@bogusemail.com,bogusemail.com
Dave Smith,davesmith@bogusemail.com,bogusemail.com
Jane Stuart,janestuart@bogusemail.com,bogusemail.com
Tom Wright,tomwright@bogusemail.com,bogusemail.com
Steve Robinson,steverobinson@bogusemail.com,bogusemail.com
Nicole Jacobs,nicolejacobs@bogusemail.com,bogusemail.com
Jane Wright,janewright@bogusemail.com,bogusemail.com
Jane Doe,janedoe@bogusemail.com,bogusemail.com
Kurt Wright,kurtwright@bogusemail.com,bogusemail.com
Kurt Robinson,kurtrobinson@bogusemail.com,bogusemail.com
Jane Jenkins,janejenkins@bogusemail.com,bogusemail.com
Neil Robinson,neilrobinson@bogusemail.com,bogusemail.com
Tom Patterson,tompatterson@bogusemail.com,bogusemail.com
Sam Jenkins,samjenkins@bogusemail.com,bogusemail.com
Steve Stuart,stevestuart@bogusemail.com,bogusemail.com
Maggie Patterson,maggiepatterson@bogusemail.com,bogusemail.com
Maggie Stuart,maggiestuart@bogusemail.com,bogusemail.com
Jane Doe,janedoe@bogusemail.com,bogusemail.com
Steve Patterson,stevepatterson@bogusemail.com,bogusemail.com
Dave Smith,davesmith@bogusemail.com,bogusemail.com
Sam Wilks,samwilks@bogusemail.com,bogusemail.com
Kurt Jefferson,kurtjefferson@bogusemail.com,bogusemail.com
Sam Stuart,samstuart@bogusemail.com,bogusemail.com
Jane Stuart,janestuart@bogusemail.com,bogusemail.com
Dave Davis,davedavis@bogusemail.com,bogusemail.com
Sam Patterson,sampatterson@bogusemail.com,bogusemail.com
Tom Jefferson,tomjefferson@bogusemail.com,bogusemail.com
Jane Stuart,janestuart@bogusemail.com,bogusemail.com
Maggie Jefferson,maggiejefferson@bogusemail.com,bogusemail.com
Mary Wilks,marywilks@bogusemail.com,bogusemail.com
Neil Patterson,neilpatterson@bogusemail.com,bogusemail.com
Corey Davis,coreydavis@bogusemail.com,bogusemail.com
Steve Jacobs,stevejacobs@bogusemail.com,bogusemail.com
Jane Jenkins,janejenkins@bogusemail.com,bogusemail.com
John Jacobs,johnjacobs@bogusemail.com,bogusemail.com
Neil Smith,neilsmith@bogusemail.com,bogusemail.com
Corey Wilks,coreywilks@bogusemail.com,bogusemail.com
Corey Smith,coreysmith@bogusemail.com,bogusemail.com
Mary Patterson,marypatterson@bogusemail.com,bogusemail.com
Jane Stuart,janestuart@bogusemail.com,bogusemail.com
Travis Arnold,travisarnold@bogusemail.com,bogusemail.com
John Robinson,johnrobinson@bogusemail.com,bogusemail.com
Travis Arnold,travisarnold@bogusemail.com,bogusemail.com
